{"cameraMode":{"drawMode":0,"name":"Shaded","section":"Shading Mode"},"sceneLighting":true,"audioPlay":false,"sceneViewState":{"showFog":true,"showMaterialUpdate":true,"showSkybox":true,"showFlares":true,"showImageEffects":true,"showParticleSystems":true},"in2DMode":false,"pivot":{"x":0.08681242913007736,"y":2.761699676513672,"z":-0.35700416564941409},"rotation":{"x":-0.002265909919515252,"y":0.9973710775375366,"z":-0.06291767954826355,"w":-0.03592071682214737},"size":2.8987255096435549,"orthographic":false}